user_id,email,subscription_tier,region,recency_days,churn_probability,monthly_revenue
U1850,sheriramirez@example.org,Enterprise,US-East,59,0.9,4971
U0923,snichols@example.com,Basic,US-East,59,0.9,480
U0063,amydavenport@example.net,Basic,Delhi,59,0.9,549
U0842,sandra99@example.org,Pro,US-East,59,0.9,1528
U0884,jamie33@example.net,Pro,UK-London,59,0.9,1505
U0308,zachary87@example.com,Basic,US-East,59,0.9,521
U1447,shane60@example.org,Pro,Delhi,59,0.9,1484
U1452,estradadavid@example.org,Pro,Bangalore,59,0.9,1519
U0018,zhurst@example.com,Basic,Hyderabad,59,0.9,519
U1412,jasonwilliams@example.net,Basic,Bangalore,59,0.9,457
U1767,hartmelissa@example.org,Enterprise,Delhi,59,0.9,4995
U0432,srocha@example.net,Basic,Hyderabad,59,0.9,492
U0475,todd15@example.com,Pro,US-East,59,0.9,1522
U1845,yhart@example.com,Pro,Delhi,59,0.9,1461
U0481,lisa65@example.org,Basic,Bangalore,59,0.9,498
U1140,marymullins@example.com,Basic,UK-London,59,0.9,486
U1028,juliamcneil@example.org,Pro,Hyderabad,59,0.9,1518
U1355,boydmaria@example.net,Enterprise,Hyderabad,59,0.9,4963
U0290,mariahdavis@example.org,Basic,UK-London,59,0.9,542
U1433,kwilson@example.net,Pro,Bangalore,58,0.89,1496
